{
    "regressions": {
        "19": {
            "mid_wide": 399.3109391816002,
            "p_hint": "y = p[0] * x + p[1]",
            "p_x": [
                1.9761429669035007,
                170.90449592864937
            ],
            "p_y": [
                2.2171570427744833,
                -1749.5127462744617
            ]
        },
        "20": {
            "mid_wide": 459.13401606606675,
            "p_hint": "y = p[0] * x + p[1]",
            "p_x": [
                2.058720474797912,
                14.77140044859478
            ],
            "p_y": [
                2.209375718249746,
                -1709.8519016801417
            ]
        },
        "21": {
            "mid_wide": 538.7777618632842,
            "p_hint": "y = p[0] * x + p[1]",
            "p_x": [
                2.0407823256761346,
                -139.52813387793572
            ],
            "p_y": [
                2.247573581698415,
                -1770.3003801799243
            ]
        },
        "22": {
            "mid_wide": 615.2969239479537,
            "p_hint": "y = p[0] * x + p[1]",
            "p_x": [
                2.0613410576952576,
                -308.3368120075133
            ],
            "p_y": [
                2.2788924621061444,
                -1800.1619486135173
            ]
        },
        "23": {
            "mid_wide": 675.6048380414333,
            "p_hint": "y = p[0] * x + p[1]",
            "p_x": [
                1.9545493296679182,
                -360.5029833142857
            ],
            "p_y": [
                2.2293666806873755,
                -1739.8592091935116
            ]
        },
        "24": {
            "mid_wide": 794.3013341469696,
            "p_hint": "y = p[0] * x + p[1]",
            "p_x": [
                2.174904590121547,
                -767.5296175759128
            ],
            "p_y": [
                2.262558705000396,
                -1783.3409634944292
            ]
        },
        "25": {
            "mid_wide": 874.5451577988607,
            "p_hint": "y = p[0] * x + p[1]",
            "p_x": [
                2.162145176932833,
                -930.89359494477
            ],
            "p_y": [
                2.28688136821238,
                -1816.5766429001294
            ]
        },
        "26": {
            "mid_wide": 974.6002741295852,
            "p_hint": "y = p[0] * x + p[1]",
            "p_x": [
                2.175163785714946,
                -1159.9152218345325
            ],
            "p_y": [
                2.2423491433049096,
                -1744.5506877447872
            ]
        },
        "27": {
            "mid_wide": 1048.809903514487,
            "p_hint": "y = p[0] * x + p[1]",
            "p_x": [
                2.216694130356518,
                -1364.8907569803491
            ],
            "p_y": [
                2.3160880488519195,
                -1789.9842268835039
            ]
        },
        "28": {
            "mid_wide": 1118.5829327031975,
            "p_hint": "y = p[0] * x + p[1]",
            "p_x": [
                2.232453914637847,
                -1537.1848469603367
            ],
            "p_y": [
                2.339775989478828,
                -1837.2665694438508
            ]
        },
        "29": {
            "mid_wide": 1225.116332288144,
            "p_hint": "y = p[0] * x + p[1]",
            "p_x": [
                2.2315947469476654,
                -1773.9631715340124
            ],
            "p_y": [
                2.3288446491619843,
                -1831.4405711035988
            ]
        },
        "30": {
            "mid_wide": 1290.0131854479537,
            "p_hint": "y = p[0] * x + p[1]",
            "p_x": [
                2.3100257078894804,
                -2019.963621901173
            ],
            "p_y": [
                2.3313336941852656,
                -1827.0640768785172
            ]
        },
        "31": {
            "mid_wide": 1383.5132107373927,
            "p_hint": "y = p[0] * x + p[1]",
            "p_x": [
                2.306417476511363,
                -2230.9590482290705
            ],
            "p_y": [
                2.4280389538457485,
                -1954.0863559614527
            ]
        },
        "32": {
            "mid_wide": 1448.8900245771606,
            "p_hint": "y = p[0] * x + p[1]",
            "p_x": [
                2.3103327522294195,
                -2387.4180781591026
            ],
            "p_y": [
                2.306218952591688,
                -1838.8939127007754
            ]
        },
        "33": {
            "mid_wide": 1516.7348413409602,
            "p_hint": "y = p[0] * x + p[1]",
            "p_x": [
                2.3356920716697167,
                -2582.6255437453065
            ],
            "p_y": [
                2.377050037468023,
                -1827.6290273643217
            ]
        },
        "34": {
            "mid_wide": 1595.2451174528878,
            "p_hint": "y = p[0] * x + p[1]",
            "p_x": [
                2.3826106010543584,
                -2840.847928123456
            ],
            "p_y": [
                2.330548055046434,
                -1782.2136843168912
            ]
        },
        "35": {
            "mid_wide": 1655.1216032975447,
            "p_hint": "y = p[0] * x + p[1]",
            "p_x": [
                2.3844961677137047,
                -2986.631120163158
            ],
            "p_y": [
                2.344635250832085,
                -1820.955088122315
            ]
        },
        "36": {
            "mid_wide": 1735.732086474191,
            "p_hint": "y = p[0] * x + p[1]",
            "p_x": [
                2.3400159424271507,
                -3101.6407541319486
            ],
            "p_y": [
                2.3804592676521645,
                -1878.5469013154725
            ]
        },
        "37": {
            "mid_wide": 1786.2281164518593,
            "p_hint": "y = p[0] * x + p[1]",
            "p_x": [
                2.440364992406739,
                -3399.048563841746
            ],
            "p_y": [
                2.4320743291124516,
                -1924.7307970405825
            ]
        },
        "38": {
            "mid_wide": 1879.923123313234,
            "p_hint": "y = p[0] * x + p[1]",
            "p_x": [
                2.4251403241173994,
                -3599.0773725876506
            ],
            "p_y": [
                2.489520536560805,
                -2054.0877182207128
            ]
        },
        "39": {
            "mid_wide": 1930.7353021161705,
            "p_hint": "y = p[0] * x + p[1]",
            "p_x": [
                2.34576413614886,
                -3569.0496281006467
            ],
            "p_y": [
                1.9949923445967699,
                -1562.1683981856268
            ]
        },
        "40": {
            "mid_wide": 2020.6013707449047,
            "p_hint": "y = p[0] * x + p[1]",
            "p_x": [
                1.346938032820346,
                -1761.6248354252368
            ],
            "p_y": [
                1.6166860871438804,
                -1251.5288891181715
            ]
        },
        "41": {
            "mid_wide": 2011.2266437066692,
            "p_hint": "y = p[0] * x + p[1]",
            "p_x": [
                2.1232883245845215,
                -3310.414050675684
            ],
            "p_y": [
                1.4980261323651938,
                -1115.5421188081311
            ]
        }
    },
    "cubic_p": [
        1.516963230955538e-09,
        -4.155818173840091e-06,
        0.015577256390621203,
        13.549336824324536
    ],
    "cubic_hint": "y = p[0] * x^3 + p[1] * x^2 + p[2] * x + p[3]"
}